c,Err_c
0.01,0.10100288230558917
0.060000000000000005,0.017674247783984635
0.11,0.010103664720880921
0.16000000000000003,0.007268402321031273
0.21000000000000002,0.005786423138375051
0.26,0.004877255371870028
0.31000000000000005,0.004263956371522587
0.36000000000000004,0.0038234398186998172
0.41000000000000003,0.0034926610227824007
0.46,0.003235985691309495
0.51,0.0030317535222269725
0.56,0.002866039858885994
0.6100000000000001,0.002729485374735433
0.66,0.0026155668042480416
0.7100000000000001,0.00251959834653265
0.76,0.0024381272485741456
0.81,0.002368553244232965
0.8600000000000001,0.0023088807453881233
0.91,0.002257552727047017
0.9600000000000001,0.002213336522411122
1.01,0.0021752435394813523
1.06,0.0021424716988297844
1.11,0.0021143634283076564
1.1600000000000001,0.002090374520862766
1.2100000000000002,0.002070050713302747
1.26,0.0020530098413418887
1.31,0.002038928081118869
1.36,0.002027529225546978
1.4100000000000001,0.002018576242190486
1.4600000000000002,0.002011864565742392
1.51,0.002007216723056471
1.56,0.0020044779917735337
1.61,0.002003512867855653
1.6600000000000001,0.00200420217148211
1.7100000000000002,0.0020064406606533905
1.76,0.0020101350515432494
1.81,0.0020152023669487416
1.86,0.002021568551102928
1.9100000000000001,0.0020291673020420885
1.9600000000000002,0.002037939082680746
2.01,0.0020478302794775657
2.06,0.0020587924836173548
2.11,0.002070781874387808
2.1599999999999997,0.002083758688192438
2.21,0.002097686759638103
2.26,0.0021125331235360588
2.31,0.0021282676685873397
2.36,0.002144862835088216
2.41,0.002162293350262997
2.46,0.0021805359958708354
2.51,0.002199569403586933
2.56,0.0022193738743606314
2.61,0.0022399312185355
2.66,0.0022612246139997096
2.71,0.002283238480038249
2.76,0.0023059583648958252
2.81,0.002329370845342931
2.86,0.0023534634367761574
2.91,0.002378224512586121
2.96,0.002403643231696369
3.01,0.0024297094733247825
3.06,0.002456413778139567
3.11,0.0024837472950916114
3.16,0.002511701733294237
3.21,0.002540269318399201
3.26,0.0025694427529876288
3.31,0.0025992151805502217
3.36,0.0026295801526837665
3.41,0.002660531599172729
3.46,0.0026920638006651524
3.51,0.0027241713636840708
3.56,0.0027568491977441856
3.61,0.002790092494370023
3.66,0.002823896707834122
3.71,0.0028582575374528013
3.76,0.0028931709112936257
3.81,0.002928632971166576
3.86,0.0029646400587813263
3.91,0.003001188702966744
3.96,0.003038275607857466
4.01,0.003075897641966221
4.06,0.0031140518280618756
4.11,0.003152735333786469
4.16,0.003191945462950225
4.21,0.0032316796474452744
4.26,0.003271935439729213
4.31,0.0033127105058327355
4.36,0.00335400261884665
4.41,0.00339580965285398
4.46,0.003438129577268678
4.51,0.0034809604515507477
4.56,0.0035243004202710256
4.61,0.003568147708494589
4.66,0.003612500617463659
4.71,0.003657357520552391
4.76,0.0037027168594811173
4.8100000000000005,0.0037485771407620373
4.86,0.003794936932367756
4.91,0.003841794860601162
4.96,0.003889149607155786
5.01,0.003936999906351482
5.0600000000000005,0.0039853445425356805
5.11,0.0040341823476341175
5.16,0.004083512198846935
5.21,0.004133333016475775
5.26,0.00418364376187535
5.3100000000000005,0.0042344434355211045
5.36,0.004285731075183869
5.41,0.0043375057542058655
5.46,0.004389766579874633
5.51,0.004442512691879889
5.5600000000000005,0.00449574326085837
5.61,0.004549457487014203
5.66,0.0046036545988130135
5.71,0.004658333851743498
5.76,0.004713494527148051
5.8100000000000005,0.004769135931105081
5.86,0.004825257393378414
5.91,0.004881858266412301
5.96,0.004938937924383382
6.01,0.004996495762291143
6.0600000000000005,0.005054531195104742
6.11,0.005113043656943085
6.16,0.005172032600297966
6.21,0.005231497495293768
6.26,0.00529143782898563
6.3100000000000005,0.005351853104685265
6.36,0.0054127428413252065
6.41,0.005474106572846882
6.46,0.005535943847621724
6.51,0.005598254227896045
6.5600000000000005,0.0056610372892623734
6.61,0.005724292620156283
6.66,0.005788019821369863
6.71,0.005852218505597364
6.76,0.005916888296989912
6.8100000000000005,0.005982028830738059
6.86,0.006047639752668108
6.91,0.006113720718857802
6.96,0.00618027139526781
7.01,0.006247291457388284
7.0600000000000005,0.006314780589904504
7.11,0.006382738486369339
7.16,0.006451164848897707
7.21,0.006520059387867747
7.26,0.006589421821634974
7.3100000000000005,0.006659251876260206
7.36,0.006729549285251826
7.41,0.006800313789307687
7.46,0.0068715451360802675
7.51,0.006943243079939555
7.5600000000000005,0.00701540738175577
7.61,0.007088037808684147
7.66,0.007161134133960058
7.71,0.00723469613669869
7.76,0.007308723601710355
7.8100000000000005,0.00738321631931645
7.86,0.007458174085171816
7.91,0.007533596700100095
7.96,0.007609483969929361
8.01,0.007685835705336061
8.06,0.007762651721692527
8.11,0.007839931838927157
8.16,0.007917675881379834
8.21,0.007995883677671756
8.26,0.008074555060571451
8.31,0.008153689866874937
8.36,0.008233287937281893
8.41,0.008313349116277645
8.46,0.008393873252029255
8.51,0.008474860196266067
8.56,0.008556309804191146
8.61,0.00863822193435842
8.66,0.008720596448599408
8.71,0.008803433211913687
8.76,0.00888673209238367
8.81,0.008970492961084625
8.86,0.009054715692008525
8.91,0.009139400161967022
8.96,0.009224546250529424
9.01,0.009310153839934472
9.06,0.009396222815018973
9.11,0.009482753063153142
9.16,0.009569744474162117
9.21,0.00965719694026676
9.26,0.009745110356012185
9.31,0.009833484618211721
9.36,0.009922319625882485
9.41,0.010011615280191772
9.46,0.010101371484387955
9.51,0.010191588143761931
9.56,0.010282265165585192
9.610000000000001,0.010373402459055945
9.66,0.010464999935251103
9.71,0.010557057507084047
9.76,0.010649575089253651
9.81,0.01074255259818858
9.860000000000001,0.01083598995202475
9.91,0.010929887070543768
9.96,0.011024243875137889
10.01,0.011119060288767545
10.06,0.011214336235933323
10.110000000000001,0.011310071642623796
10.16,0.011406266436284212
10.21,0.011502920545780183
10.26,0.011600033901370321
10.31,0.01169760643465635
10.360000000000001,0.011795638078571922
10.41,0.011894128767327738
10.46,0.011993078436400618
10.51,0.012092487022491247
10.56,0.012192354463502784
10.610000000000001,0.012292680698508163
10.66,0.012393465667714352
10.71,0.01249470931245804
10.76,0.012596411575163589
10.81,0.012698572399310496
10.860000000000001,0.0128011917294325
10.91,0.012904269511072328
10.96,0.013007805690769357
11.01,0.01311180021603252
11.06,0.013216253035320346
11.110000000000001,0.013321164098016439
11.16,0.01342653335442155
11.21,0.013532360755714703
11.26,0.013638646253939221
11.31,0.013745389801992072
11.360000000000001,0.013852591353602674
11.41,0.013960250863305722
11.46,0.01406836828642851
11.51,0.014176943579079048
11.56,0.014285976698120555
11.610000000000001,0.01439546760116364
11.66,0.014505416246543246
11.71,0.014615822593309204
11.76,0.01472668660120451
11.81,0.01483800823064747
11.860000000000001,0.014949787442741471
11.91,0.015062024199227452
11.96,0.01517471846249154
12.01,0.015287870195552765
12.06,0.015401479362022049
12.110000000000001,0.015515545926137969
12.16,0.01563006985271758
12.21,0.015745051107139158
12.26,0.015860489655379582
12.31,0.01597638546392379
12.360000000000001,0.016092738499842787
12.41,0.016209548730701906
12.46,0.016326816124620544
12.51,0.01644454065019729
12.56,0.016562722276550812
12.610000000000001,0.016681360973282707
12.66,0.016800456710475687
12.71,0.016920009458678744
12.76,0.01704001918891498
12.81,0.01716048587264453
12.860000000000001,0.017281409481773456
12.91,0.017402789988664354
12.96,0.01752462736608009
13.01,0.017646921587213194
13.06,0.01776967262565881
13.110000000000001,0.017892880455435127
13.16,0.018016545050936323
13.21,0.018140666386946815
13.26,0.018265244438639167
13.31,0.018390279181551693
13.360000000000001,0.018515770591591908
13.41,0.018641718645031932
13.46,0.018768123318473218
13.51,0.018894984588894003
13.56,0.01902230243360762
13.610000000000001,0.0191500768302408
13.66,0.019278307756761575
13.71,0.019406995191462082
13.76,0.01953613911293868
13.81,0.01966573950010083
13.860000000000001,0.019795796332181616
13.91,0.01992630958868445
13.96,0.020057279249421245
14.01,0.020188705294485302
14.06,0.020320587704270827
14.110000000000001,0.020452926459421098
14.16,0.020585721540887388
14.21,0.020718972929845116
14.26,0.020852680607785386
14.31,0.020986844556408008
14.360000000000001,0.021121464757704534
14.41,0.02125654119389594
14.46,0.021392073847466095
14.51,0.02152806270111115
14.56,0.02166450773781316
14.610000000000001,0.021801408940736653
14.66,0.021938766293294706
14.71,0.022076579779145837
14.76,0.022214849382140564
14.81,0.022353575086358383
14.860000000000001,0.02249275687609619
14.91,0.022632394735870007
14.96,0.02277248865037727
15.01,0.022913038604548963
15.06,0.023054044583476298
15.110000000000001,0.023195506572504344
15.16,0.02333742455712735
15.21,0.023479798523039965
15.26,0.023622628456137735
15.31,0.023765914342478583
15.360000000000001,0.023909656168322416
15.41,0.024053853920100534
15.46,0.024198507584398888
15.51,0.024343617148026325
15.56,0.024489182597906257
15.610000000000001,0.024635203921168827
15.66,0.02478168110509034
15.71,0.02492861413709001
15.76,0.025076003004802574
15.81,0.025223847695979084
15.860000000000001,0.025372148198527858
15.91,0.02552090450048754
15.96,0.025670116590117385
16.01,0.02581978445575323
16.060000000000002,0.025969908085902844
16.110000000000003,0.026120487469201065
16.160000000000004,0.02627152259448681
16.21,0.026423013450626198
16.26,0.026574960026722133
16.310000000000002,0.026727362311957294
16.360000000000003,0.026880220295661297
16.410000000000004,0.02703353396730653
16.46,0.027187303316471574
16.51,0.027341528332878975
16.560000000000002,0.027496209006354053
16.610000000000003,0.02765134532686045
16.660000000000004,0.027806937284480394
16.71,0.027962984869410238
16.76,0.028119488071993354
16.810000000000002,0.02827644688263048
16.860000000000003,0.02843386129188684
16.910000000000004,0.0285917312904049
16.96,0.02875005686896732
17.01,0.028908838018436966
17.060000000000002,0.02906807472979219
17.110000000000003,0.029227766994142736
17.160000000000004,0.029387914802689354
17.21,0.029548518146674523
17.26,0.029709577017549723
17.310000000000002,0.02987109140676803
17.360000000000003,0.030033061305949925
17.410000000000004,0.030195486706797236
17.46,0.030358367601080287
17.51,0.03052170398062632
17.560000000000002,0.03068549583749486
17.610000000000003,0.030849743163691108
17.660000000000004,0.031014445951385926
17.71,0.031179604192827955
17.76,0.03134521788032795
17.810000000000002,0.03151128700629021
17.860000000000003,0.031677811563242314
17.910000000000004,0.03184479154377067
17.96,0.0320122269405252
18.01,0.03218011774623927
18.060000000000002,0.03234846395376495
18.110000000000003,0.032517265556008985
18.160000000000004,0.03268652254594362
18.21,0.03285623491662586
18.26,0.03302640266118995
18.310000000000002,0.03319702577290357
18.360000000000003,0.03336810424497703
18.410000000000004,0.033539638070822615
18.46,0.03371162724383735
18.51,0.033884071757551835
18.560000000000002,0.034056971605546944
18.610000000000003,0.0342303267813893
18.660000000000004,0.03440413727889755
18.71,0.034578403091768725
18.76,0.03475312421391312
18.810000000000002,0.034928300639146356
18.860000000000003,0.03510393236151264
18.910000000000004,0.03528001937505319
18.96,0.03545656167383786
19.01,0.03563355925203654
19.060000000000002,0.03581101210388089
19.110000000000003,0.035988920223645575
19.160000000000004,0.036167283605682686
19.210000000000004,0.0363461022443821
19.26,0.03652537613420759
19.310000000000002,0.03670510526968481
19.360000000000003,0.03688528964539574
19.410000000000004,0.03706592925594857
19.460000000000004,0.03724702409606116
19.51,0.03742857416044041
19.560000000000002,0.03761057944386795
19.610000000000003,0.03779303994125857
19.660000000000004,0.037975955647454124
19.710000000000004,0.03815932655742569
19.76,0.03834315266617111
19.810000000000002,0.03852743396875506
19.860000000000003,0.03871217046025861
19.910000000000004,0.0388973621358298
19.960000000000004,0.03908300899071902
20.01,0.03926911102011847
20.060000000000002,0.039455668219339775
20.110000000000003,0.03964268058373953
20.160000000000004,0.03983014810868281
20.210000000000004,0.040018070789649536
20.26,0.04020644862208286
20.310000000000002,0.04039528160148428
20.360000000000003,0.04058456972345231
20.410000000000004,0.04077431298364632
20.460000000000004,0.04096451137764487
20.51,0.041155164901135376
20.560000000000002,0.04134627354993118
20.610000000000003,0.04153783731973654
20.660000000000004,0.04172985620645726
20.710000000000004,0.041922330205879044
20.76,0.04211525931390636
20.810000000000002,0.042308643526560316
20.860000000000003,0.04250248283972937
20.910000000000004,0.042696777249473204
20.960000000000004,0.042891526751842574
21.01,0.043086731342903334
21.060000000000002,0.04328239101879712
21.110000000000003,0.043478505775741055
21.160000000000004,0.043675075609935554
21.210000000000004,0.04387210051755862
21.26,0.04406958049487008
21.310000000000002,0.044267515538245275
21.360000000000003,0.04446590564402344
21.410000000000004,0.044664750808545685
21.460000000000004,0.044864051028233064
21.51,0.0450638062995707
21.560000000000002,0.04526401661897563
21.610000000000003,0.04546468198299338
21.660000000000004,0.04566580238818472
21.710000000000004,0.04586737783110635
21.76,0.04606940830830979
21.810000000000002,0.04627189381652847
21.860000000000003,0.04647483435241899
21.910000000000004,0.046678229912571645
21.960000000000004,0.04688208049382525
22.01,0.0470863860928922
22.060000000000002,0.047291146706578975
22.110000000000003,0.047496362331728596
22.160000000000004,0.04770203296508339
22.210000000000004,0.04790815860363414
22.26,0.048114739244236614
22.310000000000002,0.0483217748838194
22.360000000000003,0.04852926551937159
22.410000000000004,0.04873721114779725
22.460000000000004,0.04894561176617312
22.51,0.04915446737149785
22.560000000000002,0.0493637779609289
22.610000000000003,0.04957354353141428
22.660000000000004,0.04978376408020634
22.710000000000004,0.04999443960434365
22.76,0.050205570101007624
22.810000000000002,0.050417155567456656
22.860000000000003,0.0506291960008627
22.910000000000004,0.050841691398503815
22.960000000000004,0.05105464175757524
23.01,0.05126804707536261
23.060000000000002,0.051481907349245314
23.110000000000003,0.051696222576517965
23.160000000000004,0.051910992754534466
23.210000000000004,0.052126217880687116
23.26,0.052341897952416026
23.310000000000002,0.05255803296713002
23.360000000000003,0.052774622922123815
23.410000000000004,0.052991667815080114
23.460000000000004,0.05320916764342516
23.51,0.05342712240466089
23.560000000000002,0.053645532096278946
23.610000000000003,0.05386439671589268
23.660000000000004,0.054083716261050276
23.710000000000004,0.0543034907293245
23.76,0.05452372011837908
23.810000000000002,0.05474440442585149
23.860000000000003,0.05496554364931212
23.910000000000004,0.05518713778654092
23.960000000000004,0.0554091868351098
24.01,0.05563169079293058
24.060000000000002,0.055854649657522286
24.110000000000003,0.05607806342675431
24.160000000000004,0.056301932098367875
24.210000000000004,0.05652625567015864
24.26,0.05675103413992633
24.310000000000002,0.05697626750551656
24.360000000000003,0.05720195576472012
24.410000000000004,0.057428098915502206
24.460000000000004,0.05765469695560911
24.51,0.057881749883001016
24.560000000000002,0.05810925769553992
24.610000000000003,0.0583372203913073
24.660000000000004,0.05856563796809636
24.710000000000004,0.05879451042386473
24.76,0.05902383775669156
24.810000000000002,0.05925361996448183
24.860000000000003,0.05948385704535114
24.910000000000004,0.05971454899722986
24.960000000000004,0.05994569581821571
25.01,0.06017729750632705
25.060000000000002,0.06040935405965624
25.110000000000003,0.06064186547632364
25.160000000000004,0.06087483175440304
25.210000000000004,0.06110825289193401
25.26,0.0613421288872077
25.310000000000002,0.06157645973832732
25.360000000000003,0.06181124544338234
25.410000000000004,0.06204648600061907
25.460000000000004,0.06228218140817205
25.51,0.06251833166434642
25.560000000000002,0.06275493676732287
25.610000000000003,0.06299199671521297
25.660000000000004,0.06322951150642607
25.710000000000004,0.0634674811392122
25.76,0.0637059056118013
25.810000000000002,0.06394478492242106
25.860000000000003,0.06418411906940198
25.910000000000004,0.06442390805122222
25.960000000000004,0.06466415186597427
26.01,0.06490485051210146
26.060000000000002,0.06514600398809155
26.110000000000003,0.06538761229208333
26.160000000000004,0.06562967542265606
26.210000000000004,0.065872193377947
26.26,0.06611516615665122
26.310000000000002,0.0663585937569672
26.360000000000003,0.0666024761774398
26.410000000000004,0.06684681341650534
26.460000000000004,0.06709160547254914
26.51,0.06733685234402459
26.560000000000002,0.06758255402959236
26.610000000000003,0.06782871052743483
26.660000000000004,0.06807532183631337
26.710000000000004,0.06832238795460721
26.76,0.06856990888084333
26.810000000000002,0.06881788461367455
26.860000000000003,0.06906631515140538
26.910000000000004,0.06931520049288199
26.960000000000004,0.06956454063634059
27.01,0.06981433558063883
27.060000000000002,0.07006458532428894
27.110000000000003,0.07031528986573911
27.160000000000004,0.07056644920379099
27.210000000000004,0.07081806333690727
27.26,0.07107013226381488
27.310000000000002,0.07132265598311274
27.360000000000003,0.07157563449359282
27.410000000000004,0.07182906779351828
27.460000000000004,0.07208295588201101
27.51,0.07233729875737831
27.560000000000002,0.07259209641858685
27.610000000000003,0.0728473488641107
27.660000000000004,0.07310305609288122
27.710000000000004,0.07335921810339145
27.76,0.07361583489455911
27.810000000000002,0.07387290646486122
27.860000000000003,0.07413043281333863
27.910000000000004,0.07438841393848923
27.960000000000004,0.07464684983927444
28.01,0.0749057405142822
28.060000000000002,0.07516508596240531
28.110000000000003,0.0754248861824407
28.160000000000004,0.0756851411731166
28.210000000000004,0.07594585093321954
28.26,0.07620701546165035
28.310000000000002,0.07646863475709159
28.360000000000003,0.0767307088184754
28.410000000000004,0.07699323764474532
28.460000000000004,0.07725622123445208
28.51,0.07751965958677441
28.560000000000002,0.07778355270034772
28.610000000000003,0.07804790057406559
28.660000000000004,0.07831270320686944
28.710000000000004,0.07857796059775975
28.76,0.07884367274516074
28.810000000000002,0.07910983964851175
28.860000000000003,0.07937646130640957
28.910000000000004,0.07964353771796544
28.960000000000004,0.07991106888193744
29.01,0.08017905479740293
29.060000000000002,0.08044749546314031
29.110000000000003,0.08071639087818482
29.160000000000004,0.08098574104142003
29.210000000000004,0.08125554595193546
29.26,0.08152580560850367
29.310000000000002,0.08179652001031314
29.360000000000003,0.08206768915636066
29.410000000000004,0.08233931304511226
29.460000000000004,0.0826113916763182
29.51,0.08288392504860441
29.560000000000002,0.08315691316084499
29.610000000000003,0.08343035601225293
29.660000000000004,0.08370425360178907
29.710000000000004,0.08397860592862752
29.76,0.08425341299153606
29.810000000000002,0.08452867478965567
29.860000000000003,0.08480439132227507
29.910000000000004,0.08508056258800777
29.960000000000004,0.08535718858614505
30.01,0.0856342693158567
30.060000000000002,0.08591180477614269
30.110000000000003,0.08618979496590003
30.160000000000004,0.08646823988435354
30.210000000000004,0.08674713953083248
30.26,0.08702649390397661
30.310000000000002,0.08730630300314039
30.360000000000003,0.0875865668273588
30.410000000000004,0.08786728537591798
30.460000000000004,0.08814845864765618
30.51,0.08843008664191242
30.560000000000002,0.088712169357848
30.610000000000003,0.08899470679441734
30.660000000000004,0.08927769895076476
30.710000000000004,0.08956114582640426
30.76,0.08984504742007363
30.810000000000002,0.09012940373089924
30.860000000000003,0.09041421475843604
30.910000000000004,0.09069948050149278
30.960000000000004,0.09098520095949021
31.01,0.09127137613139649
31.060000000000002,0.09155800601663708
31.110000000000003,0.09184509061414808
31.160000000000004,0.09213262992312285
31.210000000000004,0.09242062394325123
31.26,0.09270907267317227
31.310000000000002,0.09299797611231105
31.360000000000003,0.09328733425984125
31.410000000000004,0.09357714711509556
31.460000000000004,0.09386741467722091
31.51,0.09415813694546477
31.560000000000002,0.09444931391895665
31.610000000000003,0.09474094559706164
31.660000000000004,0.09503303197915176
31.710000000000004,0.09532557306396476
31.76,0.09561856885155079
31.810000000000002,0.09591201934052448
31.860000000000003,0.09620592453034199
31.910000000000004,0.09650028442026065
31.960000000000004,0.09679509900967656
32.01,0.09709036829749942
32.06,0.09738609228378395
32.11,0.0976822709669222
32.16,0.09797890434683836
32.21,0.09827599242237069
32.26,0.09857353519340126
32.31,0.09887153265874746
32.36,0.09916998481772421
32.41,0.09946889166970438
32.46,0.0997682532142641
32.51,0.10006806945036648
32.56,0.10036834037759206
32.61,0.100669065995203
32.66,0.10097024630248524
32.71,0.1012718812988243
32.76,0.10157397098343993
32.81,0.10187651535594541
32.86,0.1021795144153415
32.91,0.10248296816132037
32.96,0.10278687659310322
33.01,0.10309123971010856
33.06,0.10339605751149475
33.11,0.10370132999689151
33.16,0.10400705716541335
33.21,0.10431323901658127
33.26,0.10461987554999455
33.31,0.10492696676448672
33.36,0.10523451265990859
33.41,0.10554251323561654
33.46,0.10585096849096444
33.51,0.10615987842517025
33.56,0.10646924303775629
33.61,0.10677906232813571
33.66,0.10708933629591079
33.71,0.1074000649400436
33.76,0.1077112482602798
33.81,0.10802288625592113
33.86,0.1083349789264535
33.91,0.10864752627146336
33.96,0.10896052829036282
34.01,0.10927398498199639
34.06,0.10958789634643872
34.11,0.1099022623829411
34.16,0.1102170830909389
34.21,0.11053235846983586
34.26,0.11084808851908061
34.31,0.11116427323840145
34.36,0.11148091262667913
34.41,0.11179800668410725
34.46,0.11211555540947644
34.51,0.11243355880254421
34.56,0.11275201686300283
34.61,0.1130709295900708
34.66,0.1133902969831123
34.71,0.11371011904172718
34.76,0.11403039576526787
34.81,0.11435112715396734
34.86,0.11467231320616433
34.91,0.11499395392192434
34.96,0.11531604930094205
35.01,0.11563859934215129
35.06,0.11596160404571151
35.11,0.11628506341065631
35.16,0.11660897743676833
35.21,0.11693334612320934
35.26,0.11725816946980878
35.31,0.11758344747590554
35.36,0.11790918014134251
35.41,0.11823536746512422
35.46,0.11856200944699016
35.51,0.1188891060864927
35.56,0.1192166573834404
35.61,0.11954466333678668
35.66,0.11987312394650752
35.71,0.12020203921188825
35.76,0.1205314091325614
35.81,0.1208612337081841
35.86,0.12119151293825417
35.91,0.1215222468219382
35.96,0.12185343535959639
36.01,0.12218507854997779
36.06,0.12251717639295871
36.11,0.12284972888779971
36.16,0.12318273603456896
36.21,0.12351619783276875
36.26,0.12385011428176605
36.31,0.12418448538103612
36.36,0.12451931113019901
36.41,0.12485459152867862
36.46,0.12519032657663146
36.51,0.12552651627295003
36.56,0.125863160617532
36.61,0.12620025961005404
36.66,0.12653781325028968
36.71,0.12687582153695856
36.76,0.12721428447031946
36.81,0.12755320205000797
36.86,0.12789257427543083
36.91,0.12823240114603246
36.96,0.1285726826612994
37.01,0.12891341882192167
37.06,0.12925460962596033
37.11,0.12959625507393277
37.16,0.1299383551653103
37.21,0.13028090989956634
37.26,0.1306239192765547
37.31,0.13096738329544644
37.36,0.13131130195620797
37.41,0.13165567525818855
37.46,0.1320005032015358
37.51,0.13234578578493628
37.56,0.13269152300892884
37.61,0.13303771487291716
37.66,0.13338436137605109
37.71,0.13373146251859022
37.76,0.1340790182998156
37.81,0.13442702871921972
37.86,0.13477549377674325
37.91,0.13512441347205273
37.96,0.135473787804325
38.01,0.1358236167733584
38.06,0.13617390037923083
38.11,0.13652463862136557
38.16,0.13687583149936203
38.21,0.13722747901228619
38.26,0.13757958116098373
38.31,0.13793213794425252
38.36,0.1382851493617624
38.410000000000004,0.13863861541355954
38.46,0.13899253609900195
38.51,0.1393469114177323
38.56,0.13970174136960978
38.61,0.1400570259543338
38.660000000000004,0.14041276517116155
38.71,0.1407689590200701
38.76,0.14112560750038325
38.81,0.14148271061261067
38.86,0.1418402683554209
38.910000000000004,0.1421982807292147
38.96,0.14255674773341345
39.01,0.14291566936749958
39.06,0.1432750456311559
39.11,0.14363487652465182
39.160000000000004,0.14399516204645002
39.21,0.1443559021976339
39.26,0.1447170969772952
39.31,0.1450787463849845
39.36,0.14544085042019336
39.410000000000004,0.1458034090835173
39.46,0.14616642237267832
39.51,0.14652989029015692
39.56,0.1468938128338913
39.61,0.14725819000327162
39.660000000000004,0.14762302179894024
39.71,0.14798830822020959
39.76,0.14835404926695697
39.81,0.1487202449384157
39.86,0.1490868952350412
39.910000000000004,0.1494540001559575
39.96,0.14982155970106512
40.01,0.15018957386952353
40.06,0.1505580426616661
40.11,0.1509269660775462
40.160000000000004,0.1512963441160424
40.21,0.15166617677780234
40.26,0.1520364640611908
40.31,0.15240720596715118
40.36,0.15277840249457206
40.410000000000004,0.15315005364394116
40.46,0.15352215941419967
40.51,0.1538947198058689
40.56,0.15426773481782374
40.61,0.1546412044502855
40.660000000000004,0.15501512870334347
40.71,0.15538950757570777
40.76,0.155764341068187
40.81,0.15613962917952778
40.86,0.15651537190969858
40.910000000000004,0.1568915692588222
40.96,0.15726822122653
41.01,0.15764532781296245
41.06,0.1580228890169304
41.11,0.15840090483823255
41.160000000000004,0.15877937527792413
41.21,0.1591583003342823
41.26,0.15953768000785298
41.31,0.1599175142974378
41.36,0.16029780320363116
41.410000000000004,0.16067854672608559
41.46,0.16105974486465408
41.51,0.16144139761890725
41.56,0.16182350498823872
41.61,0.16220606697304776
41.660000000000004,0.16258908357252533
41.71,0.16297255478662334
41.76,0.1633564806154436
41.81,0.1637408610579028
41.86,0.16412569611402494
41.910000000000004,0.1645109857844826
41.96,0.16489673006777986
42.01,0.165282928964178
42.06,0.1656695824742305
42.11,0.16605669059684533
42.160000000000004,0.1664442533315717
42.21,0.16683227067866918
42.26,0.16722074263797704
42.31,0.16760966920829265
42.36,0.16799905039059526
42.410000000000004,0.1683888861841389
42.46,0.16877917658834446
42.51,0.1691699216034774
42.56,0.16956112122933742
42.61,0.16995277546623722
42.660000000000004,0.17034488431201475
42.71,0.1707374477684415
42.76,0.17113046583444533
42.81,0.17152393850926353
42.86,0.17191786579359045
42.910000000000004,0.17231224768738837
42.96,0.1727070841900246
43.01,0.1731023753007389
43.06,0.17349812101996742
43.11,0.17389432134668345
43.160000000000004,0.17429097628182386
43.21,0.1746880858248789
43.26,0.1750856499755578
43.31,0.1754836687333601
43.36,0.17588214209757289
43.410000000000004,0.17628107006821533
43.46,0.17668045264694365
43.51,0.17708028983035234
43.56,0.17748058162083122
43.61,0.1778813280176914
43.660000000000004,0.17828252901999364
43.71,0.1786841846275917
43.76,0.17908629484062769
43.81,0.17948885965903344
43.86,0.1798918790824866
43.910000000000004,0.18029535311045228
43.96,0.1806992817430131
44.01,0.1811036649800387
44.06,0.1815085028211346
44.11,0.18191379526583484
44.160000000000004,0.18231954231455308
44.21,0.18272574396656438
44.26,0.18313240022254196
44.31,0.18353951108091845
44.36,0.18394707654269646
44.410000000000004,0.18435509660664887
44.46,0.18476357127348245
44.51,0.18517250054339793
44.56,0.1855818844148086
44.61,0.18599172288780072
44.660000000000004,0.18640201596315809
44.71,0.18681276364003613
44.76,0.18722396591837714
44.81,0.1876356227981661
44.86,0.1880477342785003
44.910000000000004,0.18846030036047126
44.96,0.18887332104272261
45.01,0.1892867963251813
45.06,0.18970072620820874
45.11,0.19011511069148346
45.160000000000004,0.1905299497739337
45.21,0.1909452434568063
45.26,0.19136099173958562
45.31,0.1917771946210187
45.36,0.19219385210228127
45.410000000000004,0.1926109641821629
45.46,0.19302853086126562
45.51,0.1934465521386837
45.56,0.1938650280151156
45.61,0.19428395848979152
45.660000000000004,0.19470334356187663
45.71,0.19512318323277447
45.76,0.1955434775012153
45.81,0.19596422636755623
45.86,0.19638542983092377
45.910000000000004,0.1968070878924646
45.96,0.19722920055003956
46.01,0.19765176780563684
46.06,0.1980747896569236
46.11,0.1984982661056348
46.160000000000004,0.1989221971509658
46.21,0.19934658279230838
46.26,0.19977142302981205
46.31,0.20019671786306092
46.36,0.20062246729210562
46.410000000000004,0.20104867131723314
46.46,0.20147532993741868
46.51,0.20190244315389969
46.56,0.20233001096459216
46.61,0.20275803337076784
46.660000000000004,0.20318651037099184
46.71,0.2036154419671425
46.76,0.20404482815702935
46.81,0.2044746689416511
46.86,0.2049049643200958
46.910000000000004,0.20533571429287356
46.96,0.2057669188593207
47.01,0.20619857801969801
47.06,0.20663069177335677
47.11,0.20706326012105145
47.160000000000004,0.20749628306188703
47.21,0.2079297605958936
47.26,0.2083636927228619
47.31,0.20879807944218784
47.36,0.20923292075445182
47.410000000000004,0.20966821665991334
47.46,0.21010396715676782
47.51,0.21054017224672875
47.56,0.21097683192862013
47.61,0.21141394620160076
47.660000000000004,0.21185151506669894
47.71,0.2122895385242492
47.76,0.21272801657272586
47.81,0.21316694921249144
47.86,0.2136063364437661
47.910000000000004,0.21404617826613537
47.96,0.21448647467954818
48.01,0.21492722568282488
48.06,0.21536843127830163
48.11,0.2158100914633428
48.160000000000004,0.21625220623871885
48.21,0.21669477560545705
48.26,0.2171377995604324
48.31,0.21758127810669914
48.36,0.2180252112422701
48.410000000000004,0.2184695989671408
48.46,0.21891444128208765
48.51,0.21935973818677257
48.56,0.2198054896802483
48.61,0.22025169576222295
48.660000000000004,0.22069835643424995
48.71,0.22114547169501592
48.76,0.2215930415446859
48.81,0.22204106598272752
48.86,0.2224895450089617
48.910000000000004,0.22293847862355803
48.96,0.22338786682626965
49.01,0.22383770961756191
49.06,0.2242880069961551
49.11,0.22473875896305606
49.160000000000004,0.2251899655179771
49.21,0.2256416266597732
49.26,0.22609374238913396
49.31,0.2265463127059015
49.36,0.22699933760985871
49.410000000000004,0.22745281710036203
49.46,0.22790675117849077
49.51,0.22836113984347872
49.56,0.2288159830946069
49.61,0.22927128093271207
49.660000000000004,0.22972703335764583
49.71,0.23018324036767474
49.76,0.2306399019643472
49.81,0.23109701814824712
49.86,0.23155458891581684
49.910000000000004,0.23201261427056172
49.96,0.23247109421028278
50.01,0.23293002873635632
50.06,0.23338941784861117
50.11,0.23384926154437272
50.160000000000004,0.2343095598263567
50.21,0.2347703126934006
50.26,0.23523152014419765
50.31,0.23569318218128346
50.36,0.23615529880395275
50.410000000000004,0.23661787000920734
50.46,0.23708089580014402
50.51,0.23754437617559784
50.56,0.2380083111333819
50.61,0.23847270067701404
50.660000000000004,0.23893754480435783
50.71,0.23940284351667104
50.76,0.23986859681125786
50.81,0.24033480469026788
50.86,0.24080146715238107
50.910000000000004,0.2412685841981858
50.96,0.2417361558283695
51.01,0.24220418204087088
51.06,0.24267266283565872
51.11,0.24314159821452727
51.160000000000004,0.24361098817637752
51.21,0.24408083272121797
51.26,0.2445511318485663
51.31,0.2450218855578563
51.36,0.2454930938502518
51.410000000000004,0.2459647567249577
51.46,0.24643687418237004
51.51,0.24690944622146466
51.56,0.24738247284113937
51.61,0.24785595404457708
51.660000000000004,0.24832988983002877
51.71,0.2488042801961289
51.76,0.2492791251442973
51.81,0.24975442467495554
51.86,0.2502301787858206
51.910000000000004,0.2507063874787458
51.96,0.2511830507526415
52.01,0.25166016860771223
52.06,0.25213774104288056
52.11,0.25261576805927155
52.160000000000004,0.25309424965689387
52.21,0.25357318583555427
52.26,0.2540525765933454
52.31,0.2545324219340851
52.36,0.2550127218534921
52.410000000000004,0.255493476353432
52.46,0.2559746854337283
52.51,0.25645634909395715
52.56,0.2569384673338164
52.61,0.25742104015458545
52.660000000000004,0.2579040675553927
52.71,0.25838754953508075
52.76,0.25887148609365035
52.81,0.2593558772324925
52.86,0.25984072295084676
52.910000000000004,0.2603260232481006
52.96,0.2608117781258421
53.01,0.261297987581879
53.06,0.26178465161639797
53.11,0.26227177022958137
53.160000000000004,0.262759343423151
53.21,0.2632473711944254
53.26,0.26373585354540724
53.31,0.2642247904739409
53.36,0.2647141819808948
53.410000000000004,0.2652040280671574
53.46,0.26569432873052706
53.51,0.2661850839726306
53.56,0.2666762937929288
53.61,0.2671679581917611
53.660000000000004,0.2676600771670857
53.71,0.2681526507217085
53.76,0.268645678853882
53.81,0.2691391615616423
53.86,0.26963309884877334
53.910000000000004,0.27012749071290343
53.96,0.2706223371550434
54.01,0.2711176381747349
54.06,0.27161339377043653
54.11,0.27210960394446504
54.160000000000004,0.27260626869422877
54.21,0.27310338802178535
54.26,0.27360096192618116
54.31,0.2740989904060876
54.36,0.2745974734644561
54.410000000000004,0.27509641109927496
54.46,0.27559580331030215
54.51,0.27609565009654397
54.56,0.2765959514595922
54.61,0.2770967073992513
54.660000000000004,0.2775979179161682
54.71,0.27809958300818066
54.76,0.27860170267534184
54.81,0.27910427692060696
54.86,0.2796073057386536
54.910000000000004,0.2801107891347126
54.96,0.2806147271059775
55.01,0.28111911965307324
55.06,0.2816239667750846
55.11,0.2821292684727555
55.160000000000004,0.2826350247455336
55.21,0.2831412355945127
55.26,0.2836479010180138
55.31,0.28415502101627427
55.36,0.28466259558891205
55.410000000000004,0.2851706247375492
55.46,0.28567910846009065
55.51,0.2861880467590171
55.56,0.28669743963209887
55.61,0.2872072870798907
55.660000000000004,0.28771758910138256
55.71,0.28822834569864436
55.76,0.28873955686885927
55.81,0.289251222613273
55.86,0.2897633429347622
55.910000000000004,0.2902759178274828
55.96,0.29078894729424476
56.01,0.2913024313370973
56.06,0.29181636995278487
56.11,0.29233076314077644
56.160000000000004,0.292845610903824
56.21,0.29336091324147273
56.26,0.29387667015044533
56.31,0.2943928816358421
56.36,0.29490954769304767
56.410000000000004,0.29542666832407294
56.46,0.2959442435281543
56.51,0.2964622733065298
56.56,0.29698075765560134
56.61,0.2974996965797804
56.660000000000004,0.29801909007711813
56.71,0.29853893814628657
56.76,0.2990592407882815
56.81,0.29957999800309365
56.86,0.3001012097931423
56.910000000000004,0.30062287615226146
56.96,0.30114499708572545
57.01,0.3016675725919923
57.06,0.3021906026694963
57.11,0.30271408732224925
57.160000000000004,0.30323802654459703
57.21,0.30376242033875706
57.26,0.304287268706083
57.31,0.3048125716454909
57.36,0.30533832915766485
57.410000000000004,0.3058645412412863
57.46,0.30639120789722263
57.51,0.3069183291233173
57.56,0.30744590492313323
57.61,0.3079739352938074
57.660000000000004,0.3085024202361464
57.71,0.3090313597494154
57.76,0.30956075383550274
57.81,0.31009060249149334
57.86,0.3106209057193983
57.910000000000004,0.31115166351888224
57.96,0.31168287588876453
58.01,0.3122145428309977
58.06,0.3127466643445732
58.11,0.3132792404279609
58.160000000000004,0.31381227108159365
58.21,0.314345756307301
58.26,0.3148796961036169
58.31,0.31541409047101787
58.36,0.3159489394103055
58.410000000000004,0.31648424291901966
58.46,0.31702000099766087
58.51,0.3175562136457905
58.56,0.3180928808650281
58.61,0.3186300026570185
58.660000000000004,0.3191675790184147
58.71,0.3197056099482302
58.76,0.3202440954490539
58.81,0.32078303551915266
58.86,0.3213224301617281
58.910000000000004,0.32186227937194933
58.96,0.3224025831535632
59.01,0.32294334150484255
59.06,0.32348455442655255
59.11,0.32402622191571334
59.160000000000004,0.32456834397310597
59.21,0.3251109206043904
59.26,0.32565395180622847
59.31,0.3261974375736944
59.36,0.3267413779118507
59.410000000000004,0.32728577281932963
59.46,0.32783062229436477
59.51,0.3283759263415201
59.56,0.32892168495685575
59.61,0.3294678981400213
59.660000000000004,0.33001456589530104
59.71,0.3305616882165977
59.76,0.33110926510981004
59.81,0.33165729657018406
59.86,0.3322057825966059
59.910000000000004,0.33275472319793925
59.96,0.33330411836294566
60.01,0.33385396810016954
60.06,0.3344042724035745
60.11,0.33495503127411375
60.160000000000004,0.335506244716248
60.21,0.3360579127257922
60.26,0.33661003530313116
60.31,0.33716261245016277
60.36,0.3377156441636889
60.410000000000004,0.3382691304457766
60.46,0.33882307129703515
60.51,0.3393774667169702
60.56,0.33993231670249247
60.61,0.34048762125633386
60.660000000000004,0.341043380380042
60.71,0.34159959407065077
60.76,0.3421562623287716
60.81,0.3427133851534348
60.86,0.3432709625496649
60.910000000000004,0.34382899451072263
60.96,0.3443874810409577
61.01,0.344946422137212
61.06,0.3455058177991155
61.11,0.3460656680328692
61.160000000000004,0.3466259728302038
61.21,0.34718673219672064
61.26,0.34774794612960236
61.31,0.3483096146311093
61.36,0.34887173769696395
61.410000000000004,0.34943431533467445
61.46,0.349997347535505
61.51,0.35056083430449475
61.56,0.3511247756394405
61.61,0.35168917154238755
61.660000000000004,0.35225402201248135
61.71,0.3528193270514793
61.76,0.3533850866517855
61.81,0.35395130082343806
61.86,0.35451796955973663
61.910000000000004,0.35508509286419226
61.96,0.3556526707315376
62.01,0.3562207031673698
62.06,0.3567891901708879
62.11,0.3573581317403597
62.160000000000004,0.3579275278744143
62.21,0.35849737857562947
62.26,0.3590676838451579
62.31,0.3596384436784274
62.36,0.36020965807903343
62.410000000000004,0.3607813270460127
62.46,0.3613534505765344
62.51,0.36192602867562473
62.56,0.3624990613373499
62.61,0.3630725485686453
62.660000000000004,0.36364649036729624
62.71,0.3642208867266005
62.76,0.36479573765291584
62.81,0.3653710431469654
62.86,0.36594680320736483
62.910000000000004,0.3665230178306631
62.96,0.36709968701856077
63.01,0.36767681077493475
63.06,0.36825438909826375
63.11,0.3688324219834058
63.160000000000004,0.3694109094331318
63.21,0.3699898514501088
63.26,0.3705692480317289
63.31,0.3711490991805852
63.36,0.37172940489439105
63.410000000000004,0.37231016517169085
63.46,0.3728913800120649
63.51,0.37347304942059456
63.56,0.374055173393759
63.61,0.3746377519322925
63.660000000000004,0.3752207850331212
63.71,0.37580427270165656
63.76,0.3763882149314951
63.81,0.3769726117291785
63.86,0.3775574630929012
63.910000000000004,0.3781427690186825
63.96,0.37872852950720964
64.01,0.3793147445644315
64.06,0.37990141418510104
64.11000000000001,0.38048853836796037
64.16000000000001,0.38107611711769723
64.21000000000001,0.3816641504295835
64.26,0.3822526383081171
64.31,0.3828415807520424
64.36000000000001,0.3834309777571849
64.41000000000001,0.38402082932530074
64.46000000000001,0.384611135459031
64.51,0.38520189616192674
64.56,0.3857931114214483
64.61000000000001,0.3863847812494275
64.66000000000001,0.3869769056409998
64.71000000000001,0.3875694845960953
64.76,0.38816251811296365
64.81,0.3887560061970435
64.86000000000001,0.38934994884343943
64.91000000000001,0.38994434605396544
64.96000000000001,0.3905391978270312
65.01,0.39113450416474715
65.06,0.391730265066587
65.11000000000001,0.3923264805307203
65.16000000000001,0.39292315055726107
65.21000000000001,0.3935202751530019
65.26,0.39411785430881124
65.31,0.3947158880255701
65.36000000000001,0.3953143763087257
65.41000000000001,0.39591331915469247
65.46000000000001,0.39651271656358583
65.51,0.39711256853703936
65.56,0.3977128750728707
65.61000000000001,0.39831363617005333
65.66000000000001,0.39891485183383635
65.71000000000001,0.3995165220572547
65.76,0.400118646845402
65.81,0.4007212261964445
65.86000000000001,0.4013242601134596
65.91000000000001,0.40192774858730396
65.96000000000001,0.40253169162895686
66.01,0.4031360892299228
66.06,0.4037409413982187
66.11000000000001,0.40434624812669656
66.16000000000001,0.40495200941782045
66.21000000000001,0.40555822527416807
66.26,0.40616489568742864
66.31,0.4067720206694868
66.36000000000001,0.40737960021057745
66.41000000000001,0.4079876343162545
66.46000000000001,0.40859612298260906
66.51,0.409205066212838
66.56,0.40981446400437394
66.61000000000001,0.4104243163592709
66.66000000000001,0.41103462327586576
66.71000000000001,0.41164538475531604
66.76,0.4122566007984065
66.81,0.4128682714023847
66.86000000000001,0.41348039656864993
66.91000000000001,0.41409297629414066
66.96000000000001,0.41470601058443957
67.01,0.41531949943929414
67.06,0.4159334428532846
67.11000000000001,0.4165478408294394
67.16000000000001,0.4171626933692634
67.21000000000001,0.41777800046946356
67.26,0.418393762130056
67.31,0.4190099783547912
67.36000000000001,0.41962664914212316
67.41000000000001,0.4202437744911265
67.46000000000001,0.42086135440011796
67.51,0.4214793888734523
67.56,0.42209787790881403
67.61000000000001,0.4227168215019063
67.66000000000001,0.423336219658895
67.71000000000001,0.42395607237578586
67.76,0.42457637965523154
67.81,0.42519714149506854
67.86000000000001,0.4258183578977068
67.91000000000001,0.42644002886385846
67.96000000000001,0.4270621543894423
68.01,0.42768473447610117
68.06,0.4283077691262625
68.11000000000001,0.42893125833452395
68.16000000000001,0.429555202105334
68.21000000000001,0.4301796004401777
68.26,0.43080445333366424
68.31,0.4314297607898645
68.36000000000001,0.4320555228029381
68.41000000000001,0.43268173938125426
68.46000000000001,0.4333084105189872
68.51,0.43393553621735736
68.56,0.4345631164766502
68.61000000000001,0.43519115129951924
68.66000000000001,0.4358196406803427
68.71000000000001,0.43644858462332975
68.76,0.43707798312649304
68.81,0.43770783619349346
68.86000000000001,0.4383381438192139
68.91000000000001,0.43896890600410493
68.96000000000001,0.43960012275426963
69.01,0.4402317940585201
69.06,0.44086391992711743
69.11000000000001,0.4414965003588457
69.16000000000001,0.44212953534720206
69.21000000000001,0.44276302489699126
69.26,0.44339696900926195
69.31,0.44403136767985635
69.36000000000001,0.44466622091121466
69.41000000000001,0.4453015287046147
69.46000000000001,0.44593729105555924
69.51,0.4465735079704229
69.56,0.44721017944066277
69.61000000000001,0.44784730547464596
69.66000000000001,0.4484848860705448
69.71000000000001,0.4491229212239037
69.76,0.4497614109401223
69.81,0.4504003552093479
69.86000000000001,0.45103975404764546
69.91000000000001,0.4516796074439601
69.96000000000001,0.45231991539874244
70.01,0.45296067791149675
70.06,0.45360189498619613
70.11000000000001,0.45424356662482224
70.16000000000001,0.4548856928179814
70.21000000000001,0.4555282735753294
70.26,0.4561713088873493
70.31,0.45681479876125414
70.36000000000001,0.45745874320046254
70.41000000000001,0.4581031421928442
70.46000000000001,0.4587479957450576
70.51,0.45939330386014954
70.56,0.4600390665355867
70.61000000000001,0.4606852837687982
70.66000000000001,0.46133195555994316
70.71000000000001,0.46197908191359593
70.76,0.4626266628293649
70.81,0.463274698297705
70.86000000000001,0.4639231883300955
70.91000000000001,0.4645721329178733
70.96000000000001,0.4652215320699697
71.01,0.465871385780835
71.06,0.4665216940503302
71.11000000000001,0.4671724568790894
71.16000000000001,0.4678236742674214
71.21000000000001,0.46847534621217024
71.26,0.46912747271941874
71.31,0.46978005378589677
71.36000000000001,0.4704330894118379
71.41000000000001,0.4710865795960656
71.46000000000001,0.47174052433928304
71.51,0.47239492364381275
71.56,0.4730497775012121
71.61000000000001,0.4737050859237207
71.66000000000001,0.474360848906167
71.71000000000001,0.4750170664427979
71.76,0.47567373854312556
71.81,0.47633086519816625
71.86000000000001,0.47698844641560467
71.91000000000001,0.47764648219065164
71.96000000000001,0.47830497252461424
72.01,0.4789639174193548
72.06,0.4796233168719166
72.11000000000001,0.4802831708782994
72.16000000000001,0.4809434794485519
72.21000000000001,0.4816042425779254
72.26,0.4822654602625822
72.31,0.48292713250958547
72.36000000000001,0.4835892593147091
72.41000000000001,0.48425184067435395
72.46000000000001,0.4849148765946364
72.51,0.4855783670773157
72.56,0.4862423121137189
72.61000000000001,0.4869067117124051
72.66000000000001,0.48757156586635214
72.71000000000001,0.4882368745813528
72.76,0.4889026378576654
72.81,0.4895688556865452
72.86000000000001,0.4902355280766754
72.91000000000001,0.49090265502637775
72.96000000000001,0.4915702365293811
73.01,0.4922382725953384
73.06,0.49290676322057664
73.11000000000001,0.49357570840148807
73.16000000000001,0.4942451081442694
73.21000000000001,0.4949149624363567
73.26,0.49558527129286595
73.31,0.49625603470820473
73.36000000000001,0.4969272526808551
73.41000000000001,0.49759892521353394
73.46000000000001,0.4982710523002959
73.51,0.4989436339451132
73.56,0.49961667015175854
73.61000000000001,0.5002901609137617
73.66000000000001,0.5009641062319071
73.71000000000001,0.5016385061149362
73.76,0.5023133605488498
73.81,0.5029886695423992
73.86000000000001,0.5036644330961118
73.91000000000001,0.5043406512070715
73.96000000000001,0.5050173238781961
74.01,0.5056944510975686
74.06,0.5063720328796615
74.11000000000001,0.507050069223796
74.16000000000001,0.5077285601239078
74.21000000000001,0.5084075055801612
74.26,0.5090869055954145
74.31,0.5097667601667577
74.36000000000001,0.5104470692996331
74.41000000000001,0.5111278329849769
74.46000000000001,0.5118090512274337
74.51,0.5124907240315528
74.56,0.513172851391857
74.61000000000001,0.5138554333104145
74.66000000000001,0.5145384697895151
74.71000000000001,0.5152219608205073
74.76,0.5159059064082009
74.81,0.5165903065567653
74.86000000000001,0.517275161257767
74.91000000000001,0.5179604705230801
74.96000000000001,0.5186462343387884
75.01,0.519332452722451
75.06,0.5200191256528063
75.11000000000001,0.5207062531429941
75.16000000000001,0.5213938351995051
75.21000000000001,0.5220818718022437
75.26,0.5227703629653742
75.31,0.5234593086848167
75.36000000000001,0.5241487089636199
75.41000000000001,0.5248385637956625
75.46000000000001,0.5255288731891758
75.51,0.5262196371345967
75.56,0.5269108556435467
75.61000000000001,0.527602528707977
75.66000000000001,0.5282946563265155
75.71000000000001,0.528987238503799
75.76,0.5296802752431434
75.81,0.530373766528601
75.86000000000001,0.5310677123826152
75.91000000000001,0.5317621127783719
75.96000000000001,0.5324569677459396
76.01,0.5331522772624933
76.06,0.5338480413385289
76.11000000000001,0.5345442599718503
76.16000000000001,0.5352409331592373
76.21000000000001,0.5359380609088189
76.26,0.5366356432067938
76.31,0.5373336800691555
76.36000000000001,0.5380321714832316
76.41000000000001,0.5387311174590631
76.46000000000001,0.5394305179887909
76.51,0.5401303730715719
76.56,0.5408306827144722
76.61000000000001,0.5415314469206957
76.66000000000001,0.5422326656734728
76.71000000000001,0.5429343389870899
76.76,0.5436364668568086
76.81000000000002,0.5443390492771124
76.86000000000001,0.5450420862575415
76.91000000000001,0.5457455777992588
76.96000000000001,0.5464495238947289
77.01,0.5471539245448114
77.06000000000002,0.5478587797559054
77.11000000000001,0.5485640895188869
77.16000000000001,0.5492698538383972
77.21000000000001,0.5499760727155905
77.26,0.5506827461486945
77.31000000000002,0.5513898741434
77.36000000000001,0.5520974566856373
77.41000000000001,0.552805493787611
77.46000000000001,0.5535139854405665
77.51,0.5542229316598438
77.56000000000002,0.5549323324295503
77.61000000000001,0.5556421877575907
77.66000000000001,0.5563524976425361
77.71000000000001,0.5570632620795676
77.76,0.5577744810743445
77.81000000000002,0.5584861546281282
77.86000000000001,0.5591982827362562
77.91000000000001,0.559910865395773
77.96000000000001,0.5606239026129922
78.01,0.5613373943894833
78.06000000000002,0.5620513407241321
78.11000000000001,0.5627657416128168
78.16000000000001,0.5634805970596104
78.21000000000001,0.5641959070536646
78.26,0.564911671606924
78.31000000000002,0.5656278907218865
78.36000000000001,0.5663445643894811
78.41000000000001,0.5670616926147852
78.46000000000001,0.5677792753912841
78.51,0.5684973127245211
78.56000000000002,0.5692158046184443
78.61000000000001,0.5699347510594368
78.66000000000001,0.5706541520653324
78.71000000000001,0.5713740076187644
78.76,0.5720943177312594
78.81000000000002,0.5728150824014068
78.86000000000001,0.5735363016264218
78.91000000000001,0.5742579754060013
78.96000000000001,0.5749801037451723
79.01,0.5757026866295822
79.06000000000002,0.5764257240837737
79.11000000000001,0.5771492160853187
79.16000000000001,0.5778731626403353
79.21000000000001,0.5785975637578384
79.26,0.5793224194246361
79.31000000000002,0.5800477296473949
79.36000000000001,0.5807734944313526
79.41000000000001,0.5814997137707513
79.46000000000001,0.5822263876613509
79.51,0.5829535161083388
79.56000000000002,0.5836810991145537
79.61000000000001,0.584409136665414
79.66000000000001,0.5851376287812599
79.71000000000001,0.5858665754427794
79.76,0.586595976669599
79.81000000000002,0.5873258324500644
79.86000000000001,0.588056142779821
79.91000000000001,0.5887869076743447
79.96000000000001,0.5895181271178209
80.01,0.5902498011226205
80.06000000000002,0.5909819296738156
80.11000000000001,0.5917145127820961
80.16000000000001,0.5924475504525015
80.21000000000001,0.593181042668693
80.26,0.5939149894459069
80.31000000000002,0.5946493907756184
80.36000000000001,0.5953842466612665
80.41000000000001,0.5961195570976264
80.46000000000001,0.5968553220994662
80.51,0.5975915416552412
80.56000000000002,0.5983282157534645
80.61000000000001,0.5990653444176266
80.66000000000001,0.5998029276303855
80.71000000000001,0.6005409654009314
80.76,0.6012794577338672
80.81000000000002,0.6020184046125221
80.86000000000001,0.6027578060480852
80.91000000000001,0.6034976620426225
80.96000000000001,0.6042379725876744
81.01,0.6049787376875487
81.06000000000002,0.6057199573437503
81.11000000000001,0.6064616315538726
81.16000000000001,0.6072037603214291
81.21000000000001,0.6079463436415555
81.26,0.6086893815145358
81.31000000000002,0.6094328739460457
81.36000000000001,0.610176820927171
81.41000000000001,0.6109212224647766
81.46000000000001,0.6116660785594413
81.51,0.6124113892097429
81.56000000000002,0.6131571544149558
81.61000000000001,0.613903374170524
81.66000000000001,0.6146500484849786
81.71000000000001,0.6153971773521937
81.76,0.6161447607783526
81.81000000000002,0.6168927987476267
81.86000000000001,0.6176412912859739
81.91000000000001,0.6183902383724582
81.96000000000001,0.6191396400123412
82.01,0.6198894962068945
82.06000000000002,0.6206398069531434
82.11000000000001,0.6213905722588521
82.16000000000001,0.6221417921150171
82.21000000000001,0.6228934665299486
82.26,0.623645595495566
82.31000000000002,0.6243981790220018
82.36000000000001,0.6251512170917632
82.41000000000001,0.6259047097256654
82.46000000000001,0.6266586569107697
82.51,0.6274130586523177
82.56000000000002,0.6281679149476318
82.61000000000001,0.6289232257890974
82.66000000000001,0.6296789911926243
82.71000000000001,0.6304352111515268
82.76,0.6311918856599316
82.81000000000002,0.6319490147256884
82.86000000000001,0.6327065983454367
82.91000000000001,0.6334646365201974
82.96000000000001,0.6342231292508037
83.01,0.6349820765351744
83.06000000000002,0.6357414783704625
83.11000000000001,0.6365013347600359
83.16000000000001,0.6372616457029098
83.21000000000001,0.6380224112082667
83.26,0.6387836312549569
83.31000000000002,0.6395453058615734
83.36000000000001,0.6403074350289156
83.41000000000001,0.6410700187399586
83.46000000000001,0.6418330570088354
83.51,0.6425965498241397
83.56000000000002,0.6433604972104427
83.61000000000001,0.6441248991400133
83.66000000000001,0.6448897556329853
83.71000000000001,0.6456550666629145
83.76,0.6464208322529259
83.81000000000002,0.6471870524038682
83.86000000000001,0.6479537271074204
83.91000000000001,0.6487208563655441
83.96000000000001,0.649488440172866
84.01,0.6502564785374264
84.06000000000002,0.6510249714573079
84.11000000000001,0.6517939189276446
84.16000000000001,0.6525633209497428
84.21000000000001,0.653333177529369
84.26,0.6541034886586453
84.31000000000002,0.6548742543455239
84.36000000000001,0.6556454745891321
84.41000000000001,0.6564171493837295
84.46000000000001,0.657189278728234
84.51,0.6579618626387644
84.56000000000002,0.658734901086761
84.61000000000001,0.6595083940944946
84.66000000000001,0.660282341654912
84.71000000000001,0.6610567437645245
84.76,0.661831600441504
84.81000000000002,0.6626069116711453
84.86000000000001,0.6633826774488518
84.91000000000001,0.6641588977724245
84.96000000000001,0.6649355726606925
85.01,0.6657127021015556
85.06000000000002,0.6664902860880512
85.11000000000001,0.6672683246406371
85.16000000000001,0.6680468177386104
85.21000000000001,0.6688257653887923
85.26,0.6696051675895495
85.31000000000002,0.6703850243593634
85.36000000000001,0.6711653356711476
85.41000000000001,0.6719461015358944
85.46000000000001,0.6727273219520666
85.51,0.6735089969298812
85.56000000000002,0.6742911264521252
85.61000000000001,0.6750737105373803
85.66000000000001,0.6758567491671327
85.71000000000001,0.6766402423639037
85.76,0.67742419009155
85.81000000000002,0.678208592393928
85.86000000000001,0.6789934492446827
85.91000000000001,0.6797787606402356
85.96000000000001,0.6805645265893473
86.01,0.6813507471087764
86.06000000000002,0.6821374221613398
86.11000000000001,0.6829245517713778
86.16000000000001,0.6837121359376594
86.21000000000001,0.6845001746686067
86.26,0.6852886679331506
86.31000000000002,0.6860776157620421
86.36000000000001,0.6868670181437451
86.41000000000001,0.687656875077422
86.46000000000001,0.6884471865628679
86.51,0.6892379526090684
86.56000000000002,0.6900291732037085
86.61000000000001,0.6908208483466641
86.66000000000001,0.6916129780468262
86.71000000000001,0.6924055622996658
86.76,0.6931986011000941
86.81000000000002,0.6939920944624564
86.86000000000001,0.6947860423791145
86.91000000000001,0.6955804448343856
86.96000000000001,0.6963753018602944
87.01,0.6971706134265068
87.06000000000002,0.6979663795559812
87.11000000000001,0.6987626002311418
87.16000000000001,0.699559275463704
87.21000000000001,0.7003564052489005
87.26,0.7011539895775888
87.31000000000002,0.7019520284685937
87.36000000000001,0.7027505219125998
87.41000000000001,0.7035494699051652
87.46000000000001,0.7043488724554495
87.51,0.7051487295552095
87.56000000000002,0.705949041209963
87.61000000000001,0.706749807410831
87.66000000000001,0.7075510281765791
87.71000000000001,0.7083527034937237
87.76,0.7091548333628142
87.81000000000002,0.7099574177738549
87.86000000000001,0.7107604567512056
87.91000000000001,0.7115639502671148
87.96000000000001,0.7123678983493589
88.01,0.7131723009689793
88.06000000000002,0.713977158160678
88.11000000000001,0.7147824699031443
88.16000000000001,0.7155882361837925
88.21000000000001,0.7163944570293588
88.26,0.7172011324177555
88.31000000000002,0.7180082623713575
88.36000000000001,0.718815846864814
88.41000000000001,0.7196238859211538
88.46000000000001,0.7204323795157817
88.51,0.7212413276803767
88.56000000000002,0.7220507303841952
88.61000000000001,0.7228605876482287
88.66000000000001,0.723670899470625
88.71000000000001,0.7244816658379463
88.76,0.7252928867487943
88.81000000000002,0.7261045622218252
88.86000000000001,0.726916692246991
88.91000000000001,0.7277292768293881
88.96000000000001,0.728542315964229
89.01,0.729355809646133
89.06000000000002,0.7301697578760287
89.11000000000001,0.7309841606737207
89.16000000000001,0.7317990180054754
89.21000000000001,0.7326143299039884
89.26,0.7334300963444529
89.31000000000002,0.7342463173421169
89.36000000000001,0.735062992905843
89.41000000000001,0.7358801230014641
89.46000000000001,0.7366977076480722
89.51,0.7375157468590112
89.56000000000002,0.7383342406291308
89.61000000000001,0.7391531889311984
89.66000000000001,0.739972591802501
89.71000000000001,0.7407924492243472
89.76,0.7416127611947836
89.81000000000002,0.7424335277114688
89.86000000000001,0.7432547487899969
89.91000000000001,0.7440764244220165
89.96000000000001,0.7448985545932962
90.01,0.7457211393272918
90.06000000000002,0.7465441786046253
90.11000000000001,0.7473676724564436
90.16000000000001,0.7481916208395939
90.21000000000001,0.7490160237812666
90.26,0.7498408812745636
90.31000000000002,0.750666193324224
90.36000000000001,0.7514919599168105
90.41000000000001,0.7523181810671185
90.46000000000001,0.7531448567659492
90.51,0.753971987020048
90.56000000000002,0.7547995718338468
90.61000000000001,0.7556276111924148
90.66000000000001,0.7564561051035219
90.71000000000001,0.7572850535680908
90.76,0.758114456584108
90.81000000000002,0.7589443141485255
90.86000000000001,0.7597746262699745
90.91000000000001,0.7606053929397129
90.96000000000001,0.7614366141602701
91.01,0.7622682899373772
91.06000000000002,0.7631004202691112
91.11000000000001,0.7639330051458307
91.16000000000001,0.7647660445794687
91.21000000000001,0.7655995385680686
91.26,0.7664334871008419
91.31000000000002,0.7672678901826611
91.36000000000001,0.7681027478297543
91.41000000000001,0.7689380600245076
91.46000000000001,0.7697738267670712
91.51,0.7706100480605155
91.56000000000002,0.7714467239039166
91.61000000000001,0.7722838543212577
91.66000000000001,0.7731214392566678
91.71000000000001,0.7739594787738614
91.76,0.774797972820991
91.81000000000002,0.7756369214405218
91.86000000000001,0.7764763245966096
91.91000000000001,0.7773161823046745
91.96000000000001,0.7781564945731494
92.01,0.7789972613910799
92.06000000000002,0.7798384827598375
92.11000000000001,0.7806801586698431
92.16000000000001,0.7815222891385812
92.21000000000001,0.7823648741683784
92.26,0.7832079137443094
92.31000000000002,0.7840514078713265
92.36000000000001,0.784895356543216
92.41000000000001,0.785739759781863
92.46000000000001,0.7865846175665765
92.51,0.7874299298978626
92.56000000000002,0.7882756967868942
92.61000000000001,0.789121918210955
92.66000000000001,0.7899685942100072
92.71000000000001,0.7908157247502441
92.76,0.7916633098463214
92.81000000000002,0.792511349489057
92.86000000000001,0.7933598436810861
92.91000000000001,0.7942087924323541
92.96000000000001,0.7950581957314482
93.01,0.7959080535778823
93.06000000000002,0.7967583659808523
93.11000000000001,0.7976091329495827
93.16000000000001,0.7984603544580204
93.21000000000001,0.7993120304964346
93.26,0.8001641611166049
93.31000000000002,0.801016746281605
93.36000000000001,0.801869785985835
93.41000000000001,0.8027232802512884
93.46000000000001,0.8035772290720854
93.51,0.8044316324419439
93.56000000000002,0.8052864903453336
93.61000000000001,0.8061418028292802
93.66000000000001,0.80699756984112
93.71000000000001,0.8078537914250946
93.76,0.8087104675408421
93.81000000000002,0.8095675982249925
93.86000000000001,0.8104251834613092
93.91000000000001,0.8112832232269366
93.96000000000001,0.8121417175647626
94.01,0.8130006664468976
94.06000000000002,0.8138600698798834
94.11000000000001,0.8147199278760323
94.16000000000001,0.8155802404091737
94.21000000000001,0.816441007501915
94.26,0.8173022291326072
94.31000000000002,0.8181639053292056
94.36000000000001,0.8190260360682652
94.41000000000001,0.8198886213607267
94.46000000000001,0.8207516612011855
94.51,0.8216151556166655
94.56000000000002,0.8224791045639821
94.61000000000001,0.8233435080530066
94.66000000000001,0.8242083661012236
94.71000000000001,0.8250736787198211
94.76,0.8259394458764034
94.81000000000002,0.8268056675608996
94.86000000000001,0.8276723438244568
94.91000000000001,0.8285394746301287
94.96000000000001,0.8294070600021763
95.01,0.8302750999048029
95.06000000000002,0.8311435943585294
95.11000000000001,0.8320125433891251
95.16000000000001,0.8328819469477646
95.21000000000001,0.8337518050612
95.26,0.8346221177323544
95.31000000000002,0.8354928849505234
95.36000000000001,0.8363641067122252
95.41000000000001,0.8372357830334394
95.46000000000001,0.8381079139043283
95.51,0.8389804993247907
95.56000000000002,0.8398535393093725
95.61000000000001,0.840727033836786
95.66000000000001,0.8416009829153533
95.71000000000001,0.8424753865430494
95.76,0.8433502447168707
95.81000000000002,0.8442255574392991
95.86000000000001,0.8451013247220382
95.91000000000001,0.8459775465609326
95.96000000000001,0.8468542229363955
96.01,0.8477313538684377
96.06000000000002,0.8486089393620515
96.11000000000001,0.8494869793996931
96.16000000000001,0.8503654739913058
96.21000000000001,0.8512444231264477
96.26,0.8521238268174783
96.31000000000002,0.8530036850532349
96.36000000000001,0.8538839978506005
96.41000000000001,0.8547647651948601
96.46000000000001,0.8556459870888764
96.51,0.8565276635258424
96.56000000000002,0.857409794534629
96.61000000000001,0.8582923800658608
96.66000000000001,0.8591754201760399
96.71000000000001,0.8600589148182786
96.76,0.8609428640228719
96.81000000000002,0.8618272677686456
96.86000000000001,0.8627121260690527
96.91000000000001,0.8635974389298777
96.96000000000001,0.8644832063292596
97.01,0.8653694282957446
97.06000000000002,0.8662561048037521
97.11000000000001,0.8671432358566408
97.16000000000001,0.8680308214628291
97.21000000000001,0.8689188616171706
97.26,0.8698073563276777
97.31000000000002,0.8706963055855901
97.36000000000001,0.871585709399018
97.41000000000001,0.8724755677653094
97.46000000000001,0.8733658806748026
97.51,0.8742566481383236
97.56000000000002,0.8751478701594814
97.61000000000001,0.8760395467203066
97.66000000000001,0.8769316778408306
97.71000000000001,0.8778242634997504
97.76,0.8787173037340295
97.81000000000002,0.8796107984895393
97.86000000000001,0.8805047478069227
97.91000000000001,0.8813991516908604
97.96000000000001,0.8822940101111694
98.01,0.8831893230762612
98.06000000000002,0.8840850905951754
98.11000000000001,0.8849813126714323
98.16000000000001,0.8858779893041131
98.21000000000001,0.8867751204701747
98.26,0.8876727062012741
98.31000000000002,0.8885707464760186
98.36000000000001,0.8894692413070769
98.41000000000001,0.8903681906850163
98.46000000000001,0.8912675946098011
98.51,0.8921674530893815
98.56000000000002,0.893067766120919
98.61000000000001,0.8939685336996301
98.66000000000001,0.8948697558287483
98.71000000000001,0.8957714325107401
98.76,0.8966735637512319
98.81000000000002,0.8975761495260084
98.86000000000001,0.8984791898697118
98.91000000000001,0.8993826847514321
98.96000000000001,0.9002866341905839
99.01,0.9011910381711722
99.06000000000002,0.9020958967086649
99.11000000000001,0.9030012097895644
99.16000000000001,0.9039069774379797
99.21000000000001,0.9048131996376093
99.26,0.9057198763545514
99.31000000000002,0.906627007638576
99.36000000000001,0.9075345934846615
99.41000000000001,0.908442633878282
99.46000000000001,0.909351128823019
99.51,0.9102600783079344
99.56000000000002,0.9111694823552379
99.61000000000001,0.9120793409617022
99.66000000000001,0.9129896541023429
99.71000000000001,0.9139004217875984
99.76,0.9148116440380891
99.81000000000002,0.9157233208270072
99.86000000000001,0.9166354521636633
99.91000000000001,0.917548038070839
99.96000000000001,0.9184610785096152